{
  "meta_title": "",
  "meta_description": "",
  "sections": [
    {
      "type": "banner-slider",
      "autoplay": 11000,
      "full_width": false,
      "slides": [
        {
          "start": "",
          "end": "",
          "img": "/img/uploads/4.jpg",
          "alt": "Banner sample two",
          "mobile_img": "/img/uploads/4.jpg"
        },
        {
          "start": "",
          "end": "",
          "img": "/img/uploads/1.jpg"
        },
        {
          "start": "",
          "end": "",
          "img": "/img/uploads/mega-promocao-divulgacao-de-ofertas-.jpg",
          "mobile_img": "/img/uploads/mega-promocao-divulgacao-de-ofertas-.jpg"
        }
      ]
    },
    {
      "type": "info-bar",
      "enabled": true
    },
    {
      "type": "collection-shelf",
      "shuffle": true,
      "collection_id": "622df7798bd0103c54f26a4f:categories:PERFUMES FEMININOS:/perfumes-femininos",
      "sort": "views",
      "title": "",
      "headless": false,
      "limit": 12,
      "page": 4
    },
    {
      "type": "collection-shelf",
      "shuffle": true,
      "limit": 12,
      "page": 1,
      "collection_id": "622e864c8bd0103c54f34e7f:categories:PERFUMES MASCULINOS:/perfumes-masculinos",
      "sort": "offers"
    },
    {
      "type": "collection-shelf",
      "shuffle": true,
      "limit": 12,
      "page": 1,
      "collection_id": "622df7798bd0103c54f26a4f:categories:PERFUMES FEMININOS:/perfumes-femininos",
      "sort": "views",
      "headless": true
    },
    {
      "type": "collection-shelf",
      "shuffle": true,
      "limit": 12,
      "page": 1,
      "collection_id": "62598bd83da6d37bc2df640f:categories:COSMÉTICOS:/cosmeticos"
    },
    {
      "type": "page-title",
      "title": "",
      "description": "Loja Virtual  de perfumes e eletrônicos, trabalhando com grandes marcas e sempre com produtos originais."
    },
    {
      "type": "brands-carousel",
      "limit": 24,
      "offset": 0,
      "autoplay": 7000
    }
  ]
}